Top queries,Clicks,Impressions,CTR,Position
nogluteataly,19,28,67.86%,1
gluten free food tour rome,17,169,10.06%,6.57
rome gluten free food tour,10,42,23.81%,4.36
gluten free rome,2,101,1.98%,18.81
rome gluten free,2,22,9.09%,19.77
gluten free tour rome,2,12,16.67%,2.33
gluten free roma,1,50,2%,4.66
new food gluten free roma,1,14,7.14%,1.93
gluten free tours,1,11,9.09%,27.45
gluten free food tour italy,1,4,25%,15.5
roma gluten free,1,3,33.33%,2.33
gluten free options,0,47,0%,7.21
free tour,0,23,0%,27.52
ostia gluten free,0,17,0%,3.82
gluten free near me,0,12,0%,5.33
gluten free food rome,0,12,0%,7.75
tour free roma,0,12,0%,12.25
new food gluten free rome,0,11,0%,2.55
gluten free ostia,0,11,0%,4.64
vegan food delivery service,0,11,0%,9.64
free walking tours,0,11,0%,19.73
pasta gluten free vegana,0,11,0%,25.09
free walking tour,0,10,0%,13.7
gluten free in rome,0,10,0%,32.4
new food gluten free,0,8,0%,1.5
gluten free fiumicino,0,8,0%,7
gluten free rome italy,0,8,0%,21.5
gluten free guide to rome,0,8,0%,74.88
gluten free food tour,0,7,0%,14.14
gluten free near colosseum rome,0,7,0%,29
gluten free,0,6,0%,4.33
gluten free food in rome,0,6,0%,10.83
gluten free bakery rome,0,5,0%,21.8
gluten free italy tour,0,5,0%,24.8
gluten free food near me,0,4,0%,1.25
gluten free pasta rome,0,4,0%,6.25
new food gluten free rom,0,4,0%,6.25
gluten free bakery trastevere,0,4,0%,7.75
gluten free options near me,0,3,0%,1
food gluten free,0,3,0%,7
free food tour rome,0,3,0%,13.67
gluten free tours of italy,0,3,0%,19.67
gluten free roma centro,0,3,0%,20.67
gluitaly,0,3,0%,25.67
wheatless wanderlust rome,0,3,0%,28
gluten free pasta in rome,0,3,0%,37.67
gluten free vicino a me,0,2,0%,2.5
glutenfrei rom,0,2,0%,2.5
gluten free roma vicino a me,0,2,0%,3.5
new gluten free roma,0,2,0%,5
rome gluten free food,0,2,0%,6
gluten free in italy,0,2,0%,7.5
wheatless wanderlust,0,2,0%,7.5
fiumicino gluten free,0,2,0%,11.5
gluten free carbonara rome,0,2,0%,12
gluten free world,0,2,0%,13.5
find me gluten free rome,0,2,0%,15
gluten-free cooking class rome,0,2,0%,20.5
glutenfreies restaurant in der nähe,0,2,0%,21
good foods gluten free,0,2,0%,21
frappè gluten free a roma monti,0,2,0%,31
free guided tour,0,2,0%,36
food near me gluten free,0,1,0%,1
food walking tour rome,0,1,0%,1
free gluten free,0,1,0%,1
gluten free food truck,0,1,0%,1
pacchetti vacanze per celiaci roma,0,1,0%,1
walking food tour,0,1,0%,1
best gluten free food near me,0,1,0%,2
gluten free near me open now,0,1,0%,2
roma,0,1,0%,2
gluten free food in rome italy,0,1,0%,3
gluten free pasta manufacturers,0,1,0%,3
gluten free pasta roma,0,1,0%,3
gluten free rome restaurants,0,1,0%,3
gluten trip,0,1,0%,3
pasta gluten free,0,1,0%,3
ristoranti gluten free roma,0,1,0%,3
yes please,0,1,0%,3
locali gluten free roma,0,1,0%,4
vegan and gluten free bakery near me,0,1,0%,4
fluten free near me,0,1,0%,5
gluten free roma termini,0,1,0%,5
no glut,0,1,0%,5
glutem free,0,1,0%,6
viaggi gluten free,0,1,0%,6
brindisi gluten free,0,1,0%,7
free food near me,0,1,0%,7
gluten free dairy free lunch near me,0,1,0%,7
gluten free food restaurant,0,1,0%,8
gluten free places near me,0,1,0%,8
new food rome,0,1,0%,8
food,0,1,0%,9
gluten free near colosseum,0,1,0%,9
tiramisù gluten free,0,1,0%,9
free walking tour roma,0,1,0%,10
noglute,0,1,0%,10
vegetarian food tour rome,0,1,0%,10
without gluten,0,1,0%,10
rome and florence,0,1,0%,11
crociera gluten free,0,1,0%,12
y roma,0,1,0%,12
gluten free suppli rome,0,1,0%,13
rome safe tours,0,1,0%,13
tour gratis,0,1,0%,13
food and walk,0,1,0%,14
free tour civitavecchia en español,0,1,0%,14
gluten free cooking class rome,0,1,0%,14
gluten free lunch near me,0,1,0%,14
tour kitchen,0,1,0%,14
gluten free and vegan,0,1,0%,15
vegan food tour rome,0,1,0%,15
gluten free vegan food near me,0,1,0%,16
walking food tour in rome,0,1,0%,16
gluten free bakery rome italy,0,1,0%,18
gluten free gelato rome,0,1,0%,19
gluten free ny,0,1,0%,21
gluten gluten free foods,0,1,0%,21
pasta for celiacs,0,1,0%,21
tiramisu gluten free,0,1,0%,21
free eating,0,1,0%,22
delicious gluten free,0,1,0%,24
free walking tours in rome,0,1,0%,31
gourmetaly rome food tours,0,1,0%,31
pandali rom,0,1,0%,31
gluten free city walk,0,1,0%,34
gluten free bakeries rome,0,1,0%,35
gluten free restaurants in rome,0,1,0%,41
gluten free gelato italy,0,1,0%,43
gluten free italy trip,0,1,0%,44
celiache roma,0,1,0%,49
gluten free capital of the world,0,1,0%,50
gourmetaly food tours of rome,0,1,0%,57
guilt-free gelateria clover,0,1,0%,92